{"cameraMode":{"drawMode":0,"name":"Shaded","section":"Shading Mode"},"sceneLighting":false,"audioPlay":false,"sceneViewState":{"showFog":false,"showMaterialUpdate":false,"showSkybox":false,"showFlares":false,"showImageEffects":true,"showParticleSystems":false},"in2DMode":false,"pivot":{"x":50.36565017700195,"y":-2.3957321643829347,"z":-25.253154754638673},"rotation":{"x":0.6734675168991089,"y":-0.0033264472149312498,"z":0.0030306181870400907,"w":0.7392039895057678},"size":301.0198974609375,"orthographic":false}