{"cameraMode":{"drawMode":0,"name":"Shaded","section":"Shading Mode"},"sceneLighting":false,"audioPlay":false,"sceneViewState":{"showFog":false,"showMaterialUpdate":false,"showSkybox":false,"showFlares":false,"showImageEffects":true,"showParticleSystems":false},"in2DMode":false,"pivot":{"x":-1.5129364728927613,"y":1.6918343305587769,"z":18.129793167114259},"rotation":{"x":0.6734675168991089,"y":-0.0033264472149312498,"z":0.0030306181870400907,"w":0.7392039895057678},"size":149.6953125,"orthographic":false}