{"cameraMode":{"drawMode":0,"name":"Shaded","section":"Shading Mode"},"sceneLighting":false,"audioPlay":false,"sceneViewState":{"showFog":false,"showMaterialUpdate":false,"showSkybox":false,"showFlares":false,"showImageEffects":true,"showParticleSystems":false},"in2DMode":false,"pivot":{"x":40.00000762939453,"y":52.9154052734375,"z":41.582313537597659},"rotation":{"x":0.5110433101654053,"y":-2.3982318353432676e-9,"z":1.4787299162932755e-9,"w":0.8595550656318665},"size":251.1455078125,"orthographic":false}