{"cameraMode":{"drawMode":3,"name":"Shadow Cascades","section":"Miscellaneous"},"sceneLighting":true,"audioPlay":false,"sceneViewState":{"showFog":true,"showMaterialUpdate":true,"showSkybox":false,"showFlares":true,"showImageEffects":true,"showParticleSystems":true},"in2DMode":false,"pivot":{"x":-0.4790838062763214,"y":-23.77385139465332,"z":20.786087036132814},"rotation":{"x":0.27625763416290285,"y":-0.0014416211051866413,"z":0.00041438679909333587,"w":0.9610822796821594},"size":170.35177612304688,"orthographic":false}