{"cameraMode":{"drawMode":0,"name":"Shaded","section":"Shading Mode"},"sceneLighting":false,"audioPlay":false,"sceneViewState":{"showFog":false,"showMaterialUpdate":false,"showSkybox":false,"showFlares":false,"showImageEffects":true,"showParticleSystems":false},"in2DMode":false,"pivot":{"x":-24.000003814697267,"y":0.0,"z":-0.00000286102294921875},"rotation":{"x":0.44898104667663576,"y":-0.00785023346543312,"z":0.003944734577089548,"w":0.8935006260871887},"size":197.39297485351563,"orthographic":false}