{"cameraMode":{"drawMode":0,"name":"Shaded","section":"Shading Mode"},"sceneLighting":false,"audioPlay":false,"sceneViewState":{"showFog":false,"showMaterialUpdate":false,"showSkybox":false,"showFlares":false,"showImageEffects":true,"showParticleSystems":false},"in2DMode":false,"pivot":{"x":24.784208297729493,"y":23.25255584716797,"z":10.842040061950684},"rotation":{"x":0.5110433101654053,"y":-2.3982318353432676e-9,"z":1.4787299162932755e-9,"w":0.8595550656318665},"size":251.14547729492188,"orthographic":false}