{"cameraMode":{"drawMode":0,"name":"Shaded","section":"Shading Mode"},"sceneLighting":true,"audioPlay":false,"sceneViewState":{"showFog":false,"showMaterialUpdate":false,"showSkybox":false,"showFlares":false,"showImageEffects":true,"showParticleSystems":false},"in2DMode":false,"pivot":{"x":65.46302795410156,"y":11.619634628295899,"z":30.513893127441408},"rotation":{"x":0.6988784074783325,"y":-0.0003065365308430046,"z":0.0002995216054841876,"w":0.7152426242828369},"size":156.65419006347657,"orthographic":false}