{"cameraMode":{"drawMode":0,"name":"Shaded","section":"Shading Mode"},"sceneLighting":false,"audioPlay":false,"sceneViewState":{"showFog":false,"showMaterialUpdate":false,"showSkybox":false,"showFlares":false,"showImageEffects":true,"showParticleSystems":false},"in2DMode":false,"pivot":{"x":3.9949235916137697,"y":8.205885887145996,"z":-16.832149505615236},"rotation":{"x":0.5110433101654053,"y":-2.3982318353432676e-9,"z":1.4787299162932755e-9,"w":0.8595550656318665},"size":74.47516632080078,"orthographic":false}