{"cameraMode":{"drawMode":3,"name":"Shadow Cascades","section":"Miscellaneous"},"sceneLighting":true,"audioPlay":false,"sceneViewState":{"showFog":true,"showMaterialUpdate":true,"showSkybox":false,"showFlares":true,"showImageEffects":true,"showParticleSystems":true},"in2DMode":false,"pivot":{"x":-1.3685969114303589,"y":-15.584705352783204,"z":25.914085388183595},"rotation":{"x":0.27625763416290285,"y":-0.0014416211051866413,"z":0.00041438679909333587,"w":0.9610822796821594},"size":96.30097198486328,"orthographic":false}