{"cameraMode":{"drawMode":0,"name":"Shaded","section":"Shading Mode"},"sceneLighting":false,"audioPlay":false,"sceneViewState":{"showFog":false,"showMaterialUpdate":false,"showSkybox":false,"showFlares":false,"showImageEffects":true,"showParticleSystems":false},"in2DMode":false,"pivot":{"x":8.250003814697266,"y":2.0,"z":16.0000057220459},"rotation":{"x":0.44898104667663576,"y":-0.00785023346543312,"z":0.003944734577089548,"w":0.8935006260871887},"size":170.91847229003907,"orthographic":false}