{"cameraMode":{"drawMode":0,"name":"Shaded","section":"Shading Mode"},"sceneLighting":false,"audioPlay":false,"sceneViewState":{"showFog":false,"showMaterialUpdate":false,"showSkybox":false,"showFlares":false,"showImageEffects":true,"showParticleSystems":false},"in2DMode":false,"pivot":{"x":-145.62557983398438,"y":120.27491760253906,"z":227.46774291992188},"rotation":{"x":0.5391104221343994,"y":0.00631663529202342,"z":-0.0040434072725474838,"w":0.8422023057937622},"size":22.0,"orthographic":false}