{"cameraMode":{"drawMode":0,"name":"Shaded","section":"Shading Mode"},"sceneLighting":true,"audioPlay":false,"sceneViewState":{"showFog":false,"showMaterialUpdate":false,"showSkybox":false,"showFlares":false,"showImageEffects":true,"showParticleSystems":false},"in2DMode":false,"pivot":{"x":109.03482055664063,"y":-320.5014343261719,"z":224.58363342285157},"rotation":{"x":0.5135989189147949,"y":-0.007722060661762953,"z":0.004622515290975571,"w":0.8579834699630737},"size":429.4383850097656,"orthographic":false}